date,consumption
2026-01-01,8234.0
2026-01-02,8127.0
2026-01-03,8057.0
2026-01-04,7963.0
2026-01-05,7886.0
2026-01-06,7749.0
2026-01-07,7729.0
2026-01-08,7623.0
2026-01-09,7496.0
2026-01-10,7543.0
2026-01-11,7470.0
2026-01-12,7399.0
2026-01-13,7273.0
2026-01-14,7248.0
2026-01-15,7228.0
2026-01-16,7161.0
2026-01-17,7146.0
2026-01-18,7159.0
2026-01-19,7177.0
2026-01-20,7176.0
2026-01-21,7208.0
2026-01-22,7171.0
2026-01-23,7160.0
2026-01-24,7169.0
2026-01-25,7294.0
2026-01-26,7303.0
2026-01-27,7345.0
2026-01-28,7365.0
2026-01-29,7389.0
2026-01-30,7420.0
2026-01-31,7440.0
2026-02-01,7433.0
2026-02-02,7493.0
2026-02-03,7529.0
2026-02-04,7528.0
2026-02-05,7559.0
2026-02-06,7645.0
2026-02-07,7710.0
2026-02-08,7804.0
2026-02-09,7900.0
2026-02-10,8122.0
2026-02-11,8205.0
2026-02-12,8290.0
2026-02-13,8392.0
2026-02-14,8524.0
2026-02-15,8537.0
2026-02-16,8638.0
2026-02-17,8708.0
2026-02-18,8813.0
2026-02-19,8835.0
2026-02-20,8831.0
2026-02-21,8817.0
2026-02-22,8800.0
2026-02-23,8777.0
2026-02-24,8785.0
2026-02-25,8781.0
2026-02-26,8764.0
2026-02-27,8715.0
2026-02-28,8683.0
2026-03-01,8664.0
2026-03-02,8757.0
2026-03-03,8728.0
2026-03-04,8672.0
2026-03-05,8633.0
2026-03-06,8764.0
2026-03-07,8802.0
2026-03-08,8844.0
2026-03-09,8950.0
2026-03-10,9110.0
2026-03-11,9140.0
2026-03-12,9204.0
2026-03-13,9295.0
2026-03-14,9287.0
2026-03-15,9220.0
2026-03-16,9255.0
2026-03-17,9249.0
2026-03-18,9119.0
2026-03-19,9011.0
2026-03-20,8968.0
2026-03-21,8927.0
2026-03-22,8962.0
2026-03-23,9052.0
2026-03-24,9116.0
2026-03-25,9081.0
2026-03-26,8928.0
2026-03-27,8851.0
2026-03-28,8812.0
2026-03-29,8838.0
2026-03-30,8955.0
2026-03-31,8957.0
2026-04-01,8890.0
2026-04-02,8816.0
2026-04-03,8935.0
2026-04-04,8833.0
2026-04-05,8659.0
2026-04-06,8483.0
2026-04-07,8433.0
2026-04-08,8300.0
2026-04-09,8106.0
2026-04-10,7948.0
2026-04-11,7865.0
2026-04-12,7648.0
2026-04-13,7562.0
2026-04-14,7470.0
2026-04-15,7485.0
2026-04-16,7465.0
2026-04-17,7451.0
2026-04-18,7430.0
2026-04-19,7455.0
2026-04-20,7452.0
2026-04-21,7440.0
2026-04-22,7392.0
2026-04-23,7494.0
2026-04-24,7527.0
2026-04-25,7573.0
2026-04-26,7654.0
2026-04-27,7794.0
2026-04-28,7869.0
2026-04-29,8003.0
2026-04-30,8117.0
2026-05-01,8449.0
2026-05-02,8590.0
2026-05-03,8765.0
2026-05-04,8909.0
2026-05-05,9087.0
2026-05-06,9212.0
2026-05-07,9373.0
2026-05-08,9520.0
2026-05-09,9766.0
2026-05-10,9979.0
2026-05-11,10117.0
2026-05-12,10180.0
2026-05-13,10357.0
2026-05-14,10477.0
2026-05-15,10634.0
2026-05-16,10788.0
2026-05-17,10790.0
2026-05-18,10951.0
2026-05-19,10916.0
2026-05-20,11108.0
2026-05-21,11151.0
2026-05-22,11360.0
2026-05-23,11487.0
2026-05-24,11416.0
2026-05-25,11289.0
2026-05-26,11209.0
2026-05-27,11127.0
2026-05-28,11128.0
2026-05-29,11002.0
2026-05-30,10944.0
2026-05-31,10946.0
2026-06-01,10877.0
2026-06-02,10864.0
2026-06-03,10787.0
2026-06-04,10656.0
2026-06-05,10643.0
2026-06-06,10768.0
2026-06-07,10804.0
2026-06-08,10768.0
2026-06-09,10711.0
2026-06-10,10576.0
2026-06-11,10502.0
2026-06-12,10629.0
2026-06-13,10751.0
2026-06-14,10953.0
2026-06-15,11100.0
2026-06-16,11228.0
2026-06-17,11259.0
2026-06-18,11213.0
2026-06-19,11204.0
2026-06-20,11163.0
2026-06-21,11138.0
2026-06-22,10953.0
2026-06-23,10814.0
2026-06-24,10668.0
2026-06-25,10492.0
2026-06-26,10273.0
2026-06-27,10194.0
2026-06-28,10100.0
2026-06-29,9937.0
2026-06-30,9871.0
2026-07-01,9733.0
2026-07-02,9650.0
2026-07-03,9487.0
2026-07-04,9510.0
2026-07-05,9575.0
2026-07-06,9554.0
2026-07-07,9475.0
2026-07-08,9535.0
2026-07-09,9516.0
2026-07-10,9459.0
2026-07-11,9338.0
2026-07-12,9207.0
2026-07-13,9052.0
2026-07-14,8953.0
2026-07-15,8744.0
2026-07-16,8655.0
2026-07-17,8584.0
2026-07-18,8558.0
2026-07-19,8471.0
2026-07-20,8334.0
2026-07-21,8306.0
2026-07-22,8330.0
2026-07-23,8323.0
2026-07-24,8224.0
2026-07-25,8270.0
2026-07-26,8253.0
2026-07-27,8250.0
2026-07-28,8281.0
2026-07-29,8239.0
2026-07-30,8277.0
2026-07-31,8335.0
2026-08-01,8417.0
2026-08-02,8391.0
2026-08-03,8612.0
2026-08-04,8718.0
2026-08-05,9111.0
2026-08-06,9252.0
2026-08-07,9350.0
2026-08-08,9527.0
2026-08-09,9745.0
2026-08-10,9847.0
2026-08-11,9953.0
2026-08-12,10079.0
2026-08-13,10503.0
2026-08-14,10623.0
2026-08-15,10694.0
2026-08-16,10688.0
2026-08-17,10769.0
2026-08-18,10998.0
2026-08-19,11296.0
2026-08-20,11557.0
2026-08-21,11467.0
2026-08-22,11588.0
2026-08-23,11733.0
2026-08-24,11875.0
2026-08-25,11849.0
2026-08-26,12064.0
2026-08-27,12232.0
2026-08-28,12225.0
2026-08-29,12106.0
2026-08-30,11917.0
2026-08-31,11788.0
2026-09-01,11545.0
2026-09-02,11409.0
2026-09-03,11177.0
2026-09-04,11050.0
2026-09-05,10985.0
2026-09-06,11022.0
2026-09-07,10772.0
2026-09-08,10679.0
2026-09-09,10650.0
2026-09-10,10851.0
2026-09-11,10817.0
2026-09-12,10806.0
2026-09-13,10796.0
2026-09-14,10805.0
2026-09-15,10757.0
2026-09-16,10862.0
2026-09-17,10895.0
2026-09-18,11157.0
2026-09-19,11300.0
2026-09-20,11365.0
2026-09-21,11256.0
2026-09-22,11279.0
2026-09-23,11271.0
2026-09-24,11200.0
2026-09-25,11189.0
2026-09-26,10949.0
2026-09-27,10839.0
2026-09-28,10804.0
2026-09-29,10695.0
2026-09-30,10517.0
2026-10-01,10378.0
2026-10-02,10227.0
2026-10-03,10143.0
2026-10-04,10028.0
2026-10-05,9912.0
2026-10-06,9811.0
2026-10-07,9750.0
2026-10-08,9768.0
2026-10-09,9711.0
2026-10-10,9715.0
2026-10-11,9666.0
2026-10-12,9771.0
2026-10-13,9653.0
2026-10-14,9530.0
2026-10-15,9391.0
2026-10-16,9442.0
2026-10-17,9376.0
2026-10-18,9274.0
2026-10-19,9285.0
2026-10-20,9171.0
2026-10-21,8998.0
2026-10-22,8882.0
2026-10-23,8769.0
2026-10-24,8608.0
2026-10-25,8562.0
2026-10-26,8531.0
2026-10-27,8475.0
2026-10-28,8390.0
2026-10-29,8393.0
2026-10-30,8335.0
2026-10-31,8370.0
2026-11-01,8251.0
2026-11-02,8282.0
2026-11-03,8282.0
2026-11-04,8291.0
2026-11-05,8264.0
2026-11-06,8243.0
2026-11-07,8311.0
2026-11-08,8364.0
2026-11-09,8508.0
2026-11-10,8542.0
2026-11-11,8602.0
2026-11-12,8686.0
2026-11-13,8764.0
2026-11-14,8838.0
2026-11-15,9057.0
2026-11-16,9139.0
2026-11-17,9324.0
2026-11-18,9541.0
2026-11-19,9629.0
2026-11-20,9706.0
2026-11-21,9881.0
2026-11-22,9882.0
2026-11-23,10055.0
2026-11-24,10233.0
2026-11-25,10305.0
2026-11-26,10283.0
2026-11-27,10326.0
2026-11-28,10438.0
2026-11-29,10449.0
2026-11-30,10676.0
2026-12-01,10689.0
2026-12-02,10766.0
2026-12-03,10700.0
2026-12-04,10635.0
2026-12-05,10591.0
2026-12-06,10593.0
2026-12-07,10449.0
2026-12-08,10399.0
2026-12-09,10365.0
2026-12-10,10332.0
2026-12-11,10290.0
2026-12-12,10316.0
2026-12-13,10242.0
2026-12-14,10135.0
2026-12-15,10156.0
2026-12-16,10170.0
2026-12-17,10194.0
2026-12-18,10220.0
2026-12-19,10252.0
2026-12-20,10254.0
2026-12-21,10374.0
2026-12-22,10579.0
2026-12-23,10747.0
2026-12-24,10737.0
2026-12-25,10840.0
2026-12-26,10965.0
2026-12-27,10939.0
2026-12-28,10933.0
2026-12-29,10923.0
2026-12-30,10883.0
